Model,Accuracy,F1 (macro),F1 (weighted),Kappa,AUROC (macro)
Random Forest (Prosodic),0.1791044776119403,0.078125,0.15858208955223882,-0.028180803571428603,0.46470335363260273
SVM (Prosodic),0.11940298507462686,0.09735965350658005,0.15607967160698255,-0.003554201574003546,0.4136798122888527
Gradient Boosting (Prosodic),0.208955223880597,0.1035930735930736,0.20047295987594496,0.008931063354730706,0.49231436453820565
Logistic Regression (Prosodic),0.1791044776119403,0.14256149023390405,0.19556548101066887,0.04583117555670635,0.4802693802914052
